Artist;Titel;Anm;LP-nr;Pris
All that jazz;All that jazz;VG/VG;LP 0006;50
Aretha Franklin;Who´s zoomin who?;VG/VG;LP 0007;120
Beatles ;Beatles Greatest;G;LP 0016;120
Beatles ;Rock n’ Roll Music,Vol 2;G/poor, Hack på sid 2;LP 0017;50
Beatles;Sgt Peppers;G-VG/VG (Canada print);LP 0019;900
Bee Gees;Spirits having flown;VG;LP 0022;90
Bee Gees m.fl.;Saturday night fever;VG/G;LP 0023;90
Belinda Carlisle;Runaway Horses;NM/Mint;LP 0024;90
Bette Midler;The Rose;VG;LP 0025;90
Blacksmith;Blacksmith;VG/VG OBS EP 45 RPM;LP 0027;290
Bobby Vee;20 Rock ´n Roll Hits;VG(Scandinavian release 1979);LP 0031;90
Bruce Hornsby & the R;Scenes from the souths.;NM;LP 0036;90
Bruce Hornsby & the R;The way it is;NM;LP 0037;90
Buddy Holly;The Collection ;NM/Mint OBS 1987 utg. ;LP 0039;190
Buddy Holly;The Hit singles collection;NM-Mint (Release 1985);LP 0040;190
Chicago;19;VG ;LP 0043;120
Chris De Burg;Flying colours;NM;LP 0044;50
Chuck Berry;Hail Hail Rock ´n Roll;NM (Gatefolded) 1988;LP 0046;290
Church;Gold Afternoon fix;VG;LP 0047;90
Clash ;The Story of The Clash Vol 1;VG-NM/NM;LP 0049;390
Cliff Richard;It´ll be me;VG/VG-NM;LP 0051;90
CRETU;The invisible man;VG;LP 0052;120
Culture Club;Colour by numbers;G/VG;LP 0053;90
Dave Clarke Five;Having a wild after..;Poor;LP 0054;50
David Bowie;Lets Dance;VG/VG-NM (German print);LP 0057;180
David Lee Roth;Skyscraper;VG (Etikett på baksida);LP 0058;50
Deep Purple;As &Bs;VG/VG-NM;LP 0059;290
Diana Ross;Eaten Alive;VG;LP 0061;90
Donna Summer;She works hard for the ;VG;LP 0064;120
Duran Duran;Arena;VG/NM;LP 0066;90
Duran Duran;Notorious;OBS SINGEL VG/NM;LP 0067;50
Eagles;On the Boarder;G/VG;LP 0069;90
Earth Wind & Fire;Earth Wind & Fire;Mint;LP 0071;150
Electric Light Orchestra;Olé ELO;VG;LP 0073;90
Electric Light Orchestra;Power of Balance;VG/NM;LP 0075;90
Elton John ;A single man;VG/NM;LP 0077;90
Elton John;Blue Moves;VG;LP 0078;90
Elton John;Lether Jackets;NM/Mint;LP 0079;90
Eric Clapton ;461 Ocean Boulevard;VG/VG- NM;LP 0083;90
Eric Clapton;Money and Cigarettes;NM;LP 0084;90
Flashdance;Original Soundtrack;VG;LP 0088;50
Foreigner;Inside information;Near Mint/ Mint;LP 0091;90
Genesis;Abacad;VG;LP 0093;90
George Michael;Faith;G;LP 0095;90
Gino Vanelli;Brother to Brother;VG/G;LP 0096;50
Gloria Estefan;Cuts both Ways;VG/VG;LP 0097;50
Good Medicine;White Cloud;VG/G;LP 0098;90
Graham Parker & ..;A tick to me;Fodral poor/ Skiva NM;LP 0099;50
Hermans Hermits;Hold on;G-VG/VG (US edit);LP 0101;200
Hooters;One way home;NM/Mint;LP 0102;150
Housemartins;London 0 Hull 4;VG/NM;LP 0103;120
Housemartins;The people who gr….;Mint;LP 0104;150
Huey Lewis & the news;Sports ;VG/NM;LP 0106;90
Jacksons;The Jacksons;NM/NM (Silver label);LP 0109;250
James Brown;Reality;VG/VG;LP 0110;150
Joan Armatrading;Me, myself, I;VG/G;LP 0112;50
John Miles;Rebell;G/C;LP 0114;50
John Miles;Zaragon;G/G;LP 0115;50
Jon Anderson;3 ships;VG/VG;LP 0116;90
Julian Lennon;Help Yourself;VG/NM;LP 0117;180
La Bionda;La Bionda;Near Mint;LP 0121;50
Lenny Kravitz;Mama said;VG/VG;LP 0122;190
Leonard Cohen;I´m your man;VG/VG;LP 0123;120
Level 42;Running in the family;VG;LP 0124;50
Level 42;Staring at the sun;NM;LP 0125;90
Little Steven;Voice of America;VG;LP 0126;120
Madonna;Like a prayer;VG/VG;LP 0129;120
Manfred Manns Earth Band;Watch;Fordral Poor/ Skiva VG;LP 0131;50
Michael Jackson;The best of;G/VG;LP 0132;120
Mike Oldfield;Crises;G/VG;LP 0135;90
Mike Oldfield;Moonlight Shadow;VG/VG  Singel 45RPM;LP 0136;90
Mike Oldfield;Ommadawn;VG/VG;LP 0137;150
Mike Rutherford;Acting very strange;VG/NM;LP 0138;90
Motors ;Approved by ….;NM;LP 0139;90
Nazareth;Greatest hits;VG/VG;LP 0140;90
New Musik;Anywhere;VG /G;LP 0143;90
Neville Brothers;Yellow Moon;VG (etikettrest);LP 0144;90
Nils Lofgren;Night Fades Away;VG;LP 0145;80
Paul McCartney;Pipes of peace;VG (feat. Michael Jackson);LP 0149;190
Paul Simon;Negotiations & Love s;NM/Mint OBS 2 LP;LP 0150;180
Pete  Townshend;White City;NM/Mint;LP 0151;120
Peter Cetera;One more story;NM/Mint;LP 0152;50
Peter Cetera ;Solitude Solitaire;G/VG;LP 0153;90
Peter Paul and Mary;Peter Paul and Mary(Moving);VG/NM (English version);LP 0156;90
Phil Collins;No Jacket Required;VG ;LP 0158;90
Platters;Reflections;G-VG/VG;LP 0159;90
Platters;The Platters now;VG/NM;LP 0160;120
Pointer Sisters;Hot together;VG;LP 0161;90
Pretenders ;Get Close;Near Mint;LP 0162;50
Rick Springfield;Celebrate Youth Spec ;G/VG;LP 0165;50
Rickie Lee Jones;Pirates;G/VG;LP 0166;50
Robbie Robertson;Robbie Robertson;VG (etikett);LP 0167;90
Robin Gibb;Secret Agent;VG;LP 0170;90
Rod Stewart;A night on the town;VG/NM;LP 0171;90
Rod Stewart;Atlantic Crossing;NM;LP 0172;180
Roy Orbinson;Mystery Girl;G/G;LP 0174;50
SAGA;Behavior;VG;LP 0176;90
SAGA;Wildest Dream;VG/NM;LP 0178;90
Scaffel Pike;United states of japan;VG;LP 0179;90
Sex Pistols;Cash from Chaos;NM  Unofficial Release;LP 0181;300
Sex Pistols;Never trust a Hippy;NM;LP 0182;300
Sex Pistols;The Great Rock n Roll Swindle;G-VG/VG-NM;LP 0183;500
Simply Red;A new flame;VG/VG;LP 0184;90
Sky High;Freezin Hot;VG;LP 0186;50
Smokeys family Rob..;Smokey´s;NM;LP 0187;90
Smokie;Solid ground;VG;LP 0188;90
Smokie ;The other side of the road;VG;LP 0189;90
Status Quo;Piledriver;VG/NM;LP 0191;180
Styx;Pieces of eight;Namnad. konv skador;LP 0197;90
Supertramp;Live 88;NM;LP 0201;180
Survivor;When Seconds Count;NM/Mint;LP 0202;120
Suzanne Vega;Solitude standing;NM/Mint;LP 0203;90
Sweet;Strung up;VG;LP 0204;180
Temptations ;Back to basics;Fodral G/Skiva VG;LP 0206;50
Thank God It´s Friday;The original Motion Picture..;VG/G;LP 0207;150
Thompson Twins;Here´s to future days;G/VG;LP 0210;50
Tina Turner ;Break Every Rule;VG;LP 0211;50
Ultravox;The Collection;G-VG/VG-NM;LP 0216;90
Wet Wet Wet;Popped in Souled Out;Fodral G / skiva NM;LP 0222;50
Wham ;Make it big;VG/VG;LP 0223;90
Whitney Houston;Whitney Houston;VG/NM;LP 0224;180
Wings;Back to the egg;G;LP 0225;50
Yes;BIG Generator;VG ;LP 0226;120
Michael Bolton;Everybody´s crazy;VG/VG-NM;LP 0229;90
Michael Bolton;The Hunger;VG/VG;LP 0230;90
Michael Bolton;Soul provider;VG/VG-NM;LP 0231;90
Eagles;The long run;VG/VG-NM;LP 0232;120
Manfred Manns Earth Band;Angel station;VG/VG-NM;LP 0235;90
Deep Purple;Who do we think we are;VG/G-VG;LP 0240;190
Beatles;Yellow submarine;VG-NM/VG-NM;LP 0241;500
Andy Gibb;Shadow Dancing;G/VG;LP 0243;50
Guesch Patti & Encore;Nomades;VG/VG-NM;LP 0247;90
Partridge Family;The Partridge Family Notebook;G/VG;LP 0248;50
Paul Carrack;Groove Approved;G/G;LP 0249;50
Pointer Sisters;Serious slamming;VG;LP 0250;90
Pointer Sisters;So exdited;VG;LP 0251;90
Quincy Jones;Back on the Black;VG/VG;LP 0253;90
Santana;Borboletta;G/VG;LP 0257;50
Chicago;V;G/VG;LP 0258;90
Starbuck;ROCK’n ROLL ROCKET;VG/VG;LP 0259;90
Y&T ;Black Tiger;VG/VG-NM;LP 0026;150
Steve Winwood;Steve Winwood;VG/VG;LP 0260;120
Billy Joel;Glass Houses;VG/VG;LP 0262;90
Shakin’ Stevens;The early days;G(nytt innerkonvolut)/ VG;LP 0263;50
Uriah Heep;Firefly;G/G;LP 0264;180
Hollies;A Crazy Steal;VG/VG;LP 0266;90
Ringo Starr;Ringo;Poor/VG;LP 0267;50
Rita Coolidge;Inside the fire;VG/VG-NM;LP 0268;90
Genesis;A trick of the tail;NM/VG-NM, UK-print 1976;LP 0269;190
Dave Davies;Glamour;VG/VG;LP 0270;50
Joni Mitchell;Chalk mark in a rain storm;G/VG;LP 0271;50
Roxy Music;Avalon;VG/VG;LP 0272;50
Peter Frampton;Where I should be;Oöppnad;LP 0273;150
Pet Shop Boys;Disco;VG-NM/VG-NM;LP 0275;190
Beach boys;California Gold;VG/VG;LP 0276;180
Eurythmics;V 1984;VG-NM/VG-NM;LP 0277;180
Boomtown Rats;Mondobongo;VG/VG;LP 0278;90
Dillinger;Cocaine (maxi single);VG/VG-NM, White vinyl;LP 0279;290
James Brown;I’m real ;VG/VG, White vinyl;LP 0280;150
Blue Cheer;Outside Inside;VG/VG-NM, Red vinyl;LP 0282;450
Alan Parsons project;Eve;VG/VG;LP 0285;90
Alan Parsons project;Pyramid;G-VG/VG;LP 0286;90
Bette Midler;Thighs and Whispers;VG/VG;LP 0288;90
Bruce Springsteen;Tunnel of Love;VG-NM/NM;LP 0291;180
Bruce Springsteen & the E.;LIVE/1975-85 ;NM/NM;LP 0292;590
Crowded House;Temple of Low Men;VG-NM/NM;LP 0294;150
Flying Pickets;Lost Boy;G/VG;LP 0298;50
Hurriganes;Use no Hooks;VG/VG-NM;LP 0300;450
Johnny Cash;This is Johnny Cash;G-VG/G-VG;LP 0303;180
Julie Felix;Hota Chocolata;G/G;LP 0304;90
Madonna;True Blue;NM/NM-Mint;LP 0308;250
Pet Shop Boys;Please;NM/NM-mint;LP 0310;150
Rod Stewart ;Foolish Behaviour;VG/VG;LP 0311;50
Sanne Salomonsen;Sanne Salomonsen;NM/NM;LP 0312;90
Shakin’ Stevens;Shaky;VG/VG;LP 0314;50
Stevie Nicks;The Wild Heart;VG/G;LP 0317;90
Moody Blues;The present;VG/VG;LP 0318;90
Tina Turner;Foreign affair;NM/NM;LP 0320;90
Tony Carey;Some Though City;VG-NM/VG-NM;LP 0321;50
Simon and Garfunkel;The concert in central park;G-VG/VG;LP 0324;290
Brian Spence;Reputation;VG-NM/NM;LP 0325;50
U2;Rattle and Hum;VG/VG-NM;LP 0329;180
Diana Ross;Diana;VG/G-VG;LP 0330;90
Billy Ocean;Love Zone;VG/G/VG;LP 0331;90
Santana;Shango;VG-NM/VG;LP 0333;90
Bob Marley & the Wailers;Confrontation;VG-NM/VG-NM;LP 0334;250
Frank Chickens ;Get Chickenized;VG/NM (promo record);LP 0336;490
Heart ;Heart;VG/NM;LP 0337;90
Terry Jacks ;And the poppy family;VG/VG ;LP 0338;90
Iron City Houserockers;Love´s to tough;VG/G;LP 0339;50
Greg Kihn Band;With the naked eye;VG/VG-NM;LP 0340;50
Three dog night;Suitable for Framing;G-VG/VG;LP 0341;50
Esther Phillips;For all we know;VG-NM/VG-NM;LP 0343;90
Howard Jones;Human´s lib;VG/VG-NM;LP 0345;90
Chris Rea;New light through old windows;VG/VG-NM;LP 0347;180
Culture Club;Kissing to be clever;VG/G;LP 0349;50
Alan Parsons project;The turn of a friendly card;G-VG/VG;LP 0350;90
Alan Parsons project;Stereotomy;VG-NM/VG-NM;LP 0352;180
Chris Rea;Water sign;VG-NM/NM;LP 0354;180
Black Sorrows;Hold onto me;VG-NM/VG;LP 0360;90
Barclay James Harvest;Victimes ocg circumstance;G-VG/VG;LP 0363;50
Fine Young Cannibals;The raw & the cooked;VG/G-VG;LP 0364;90
Boston;The third stage;VG-VG;LP 0365;120
Lou Reed (the best of);Walk on the wild side;VG/VG-NM;LP 0366;150
Joni Mitchell;Dog eat dog;VG/VG-NM;LP 0369;120
Elvis Costello;Punch the clock;VG/VG-NM;LP 0370;90
Elvis Costello ;This years model;VG/VG-NM;LP 0372;180
Rolling Stones;Emotional rescue;VG-NM/NM;LP 0379;690
Jam;The gift;VG/VG;LP 0382;150
Jam;This is the modern world;VG-NM/NM;LP 0384;180
Jam;In the city;VG-NM/VG-NM;LP 0385;280
Shanana;The golden age of Rock´n Roll;G-VG/VG-NM;LP 0389;250
Grace Jones;Muse;VG/G;LP 0397;50
Rreal thing;The best of;VG/VG-NM;LP 0399;50
Lou Reed;Legendary Hearts;G-VG/VG;LP 0401;120
John Lennon, Yoko Ono;Double Fantasy;VG/G (Hack sida 1 spår 1);LP 0402;90
Eurythmics;Revenge;VG-NM/NM;LP 0403;180
Neil Young;This note´s for you;VG/G;LP 0405;90
Alan Parsons project;Gaudi;VG/VG;LP 0406;50
Chemistry Set;Chemistry Set;VG-NM/VG-NM;LP 0407;120
Sham 69;The game;G-VG/G-VG;LP 0408;120
Eccentrics;All our days;VG-NM/VG;LP 0409;280
Tears for fears;Everybody wants to rule the world;VG-NM/VG (EP  45rpm);LP 0410;50
A-ha;Scoundrel Days;VG-NM/VG;LP 0411;120
Elton John;Ice on fire;VG-NM/VG-NM;LP 0412;120
Various artists;Read my lips;NM/NM;LP 0413;90
JOJO;JOJO;VG/VG;LP 0414;90
Steve Gibbons band;Street Parade;VG/NM;LP 0416;90
Alan Parsons project;I Robot;G-VG/VG-NM;LP 0417;90
John Philip;Wait for the night;VG/VG-NM;LP 0418;50
Styx;Paradise;G-VG/VG (Laser cut design);LP 0419;120
Alan Parsons project;Ammonia avenue;VG-NM/VG-NM;LP 0420;90
Dire Straits;Making movies;VG/VG;LP 0421;90
Lou Reed;New Sensations;VG-NM/VG;LP 0422;150
Specials;More Specials;VG-NM/VG-NM;LP 0423;150
Carol King;Tapestry;VG/VG;LP 0424;150
Elvis Costello;King of America;VG-NM/VG-NM;LP 0426;90
Roger McGuinn;Back from Rio;VG/VG;LP 0432;50
Joe Tex;Bumps & Bruises;G/VG;LP 0433;50
Gary´s Gang;Gangbuster;VG/VG;LP 0434;90
David Lindley;El Rayo Live;VG/VG;LP 0435;90
Chi Coltrane;Road to tomorrow;VG/VG;LP 0436;50
Tina Turner;Tina Live in Europe;VG/G-VG;LP 0437;90
Jim Gilstrap;Swing your daddy;VG/VG;LP 0442;50
Linda Ronstadt;Living in the USA;VG/VG;LP 0443;90
Linda Ronstadt;Simpel dreams;VG/VG;LP 0444;90
Silver Convention;Summernights;VG/VG;LP 0447;50
Elton John;Captain Fantastic;VG/VG;LP 0448;250
Bette Middler;Divine Madness;VG/M (Obruten förpackning);LP 0449;90
Elvis Presley;Pure Gold – Take Off;VG/VG;LP 0452;50
Elvis Presley;I got lucky;VG/VG;LP 0453;50
Hall & Oats;Live at the Apollo;VG/VG;LP 0454;50
Georgia Satellites;Georgia Satellites;VG/VG-NM;LP 0458;90
Pezband;Cover to cover;VG-NM/NM;LP 0460;50
U2;The unforgettable fire;VG/VG (Maxi-singel 45 rpm);LP 0461;50
U2;The unforgettable fire;NM/G;LP 0464;120
U2;Boy;NM/VG;LP 0465;300
Rupert Hine;The wildest wish to fly;NM/VG-NM;LP 0467;50
Lindsey Buckingham;Law and order;VG/VG-NM;LP 0469;90
Boston;Don´t look back;VG-NM/NM;LP 0475;90
Infared feat. N.E.U.K sideA;N.E.U.K feat. John Dilly side B;VG/NM  (promocopy);LP 0476;350
Blue Steel;No more lonely nights;VG/VG;LP 0478;50
Crosby, Stills & Nash;Allies;VG-NM/VG-NM;LP 0479;120
A-ha;Hunting high and low;VG/VG;LP 0481;120
Ten Years After;Ssssh;Poor-G/G;LP 0485;90
John Farnham;Whispering Jack;VG-NM/VG-NM;LP 0486;90
Midge Ure;The Gift;VG-NM/VG-NM;LP 0489;90
Bobby Vee;Gates, Grills & Railings;VG/VG;LP 0490;120
Various artists;Medleymania;VG/VG;LP 0491;50
George Benson;While the city sleeps.;VG/VG;LP 0494;50
Daryl Braithwaite;Edge;VG-NM/VG-NM;LP 0495;120
Robert Fripp & L of G-men;The League of Gentlemen;VG-NM/VG-NM;LP 0496;150
Beatles;The complete Silver Beatles;VG/VG;LP 0500;250
Beatles;At the Hollywood Bowl;VG-NM/NM;LP 0503;190
Beatles;Magical Mystery Tour ;VG-NM/NM;LP 0504;750
WHO;Who are you;VG/VG;LP 0508;150
John Denver;Greatest Hits 2;VG/VG-NM;LP 0510;90
Batfish Boys;Batfish Brew;G/G;LP 0514;50
Status Quo;Dog of two Head;VG-NM/VG-NM;LP 0515;350
Nazareth;Razamanaz;VG/VG-NM;LP 0516;180
Paul McCartney and Wings;Band on the run;VG-NM/VG-NM       RSM418;LP 0519;180
Nazareth;Rampant;VG-NM/NM;LP 0521;250
Cat Stevens;Teaser and the Firecat;VG/VG-NM;LP 0524;90
Talking Heads;Naked;VG/VG;LP 0526;150
Elvis Presley;Elvis in Concert;G-VG/VG-NM;LP 0527;120
Blood Sweat & Tears ;Greatet Hits;VG/VG;LP 0528;90
Dave Clark Five;Play Good Old Rock & Roll;G-VG/VG;LP 0529;120
Rod Stewart;Sing it again Rod;VG/VG-NM;LP 0530;250
Searchers;Attention;VG/VG-NM;LP 0532;90
Alphaville;Afternoon in Utopia;VG/VG;LP 0533;90
Nazareth;Load ´N´ Proud;VG/VG-NM;LP 0534;180
Cilla Black;Day by Day;VG/VG;LP 0535;90
Jon Anderson;In the City of Angels;G-VG/VG-NM;LP 0536;120
Arlo Guthrie;One Night;VG/VG;LP 0537;50
Elvis Costello;Imperial bedroom;VG/VG-NM;LP 0538;120
Jerry Lee Lewis;Live in Italy at the Rolling Stone;VG/VG-NM;LP 0539;150
Shadows;Four Sides of ;VG/NM;LP 0540;120
Cindy Lauper;A night to remember;VG-NM/G-VG;LP 0541;90
Leo Sayer;Just a boy;G-VG/VG;LP 0543;50
Rainbow;Straight between the eyes;VG/VG;LP 0545;120
Beach Boys;Good Vibrations;VG/G-VG (repa sid A:1);LP 0548;50
Kim Wilde;Select;G-VG/VG;LP 0550;90
Yes;90125;VG-NM/NM;LP 0551;180
Big Country;The seer;VG-NM/VG-NM;LP 0553;90
Moody Blues;Every good boy deserves favour;G/VG;LP 0554;50
XTC ;Skylarking;VG/VG;LP 0555;180
Blood Sweat&Tears;Greatest Hits (1972);G/VG;LP 0559;50
Be-Bop Deluxe;Drastic Plastic;VG/VG;LP 0560;90
Cher ;With Love;VG/NM      (1st print);LP 0561;210
Cher;I´d rather believe in you;VG/VG      (1st print);LP 0562;120
Art Garfunkel;Fate for breakfast;NM/NM;LP 0563;120
Art Garfunkel;Watermark;NM/NM;LP 0564;120
Simon and Garfunkel;Bridge over trouble water;NM/NM;LP 0565;450
Paul Simon;Paul Simon;NM/NM;LP 0566;180
Paul Simon;There Goes Rhymin´Simon;NM/VG;LP 0567;150
Leo Sayer;Thunder in my heart;VG-NM/VG-NM;LP 0568;50
Gladys Knight & The Pips;2nd anniversery;VG-NM/VG-NM;LP 0569;50
Bonnie Tyler;Natural force;VG-NM/VG-NM;LP 0570;90
Neil Diamond;His 12 Greatest Hits;VG-NM/VG-NM;LP 0572;50
TOTO;Isolation;VG/VG;LP 0574;50
Don McLean;Tapesetry;VG/VG-NM;LP 0575;50
Hollies;The Hollies Greatest;VG-NM/NM;LP 0578;210
Walker Brothers;I need you;VG-NM/NM;LP 0580;80
Zombies;The beginning;VG-NM/NM;LP 0581;250
Dave, Dee, Dozy, Beaky, Mick & Tich;Greatest Hits;VG-NM/NM;LP 0582;120
Amanda Lear;Never trust a pretty face;VG-NM/VG-NM;LP 0583;50
Bonnie Tyler;The world starts tonight;NM/NM;LP 0584;90
Peter, Paul and Mary;Ten Years together;NM/VG-NM;LP 0585;90
Ellie Greenwich;Let it be written … Let it be sung;VG-NM/NM;LP 0586;120
Elvis Presley;King Creole;VG-NM/VG-NM;LP 0587;120
Elvis Presley;Loving you;VG-NM/NM;LP 0588;120
Elvis Presley;The Sun Collection;VG-NM/NM;LP 0589;250
Elvis Presley;The 56 sessions Volume 1;NM/NM;LP 0591;90
Million Dollar Quartet;The Million Dollar Quartet;NM/NM;LP 0593;500
John Denver;Windsongs;VG/VG;LP 0595;50
Ratt;Reach for the sky;VG/VG-NM;LP 0596;120
Call;Red Moon;VG/VG;LP 0598;50
Madonna;I´m breathless;VG/NM;LP 0599 ;150
Walker brothers;Portrait;VG/VG-NM;LP 0600;250
Paul Young;Between Two Fires;VG/VG-NM;LP 0601;50
Randy Crawford;Nightline;VG/VG;LP 0603;50
Europe;Out of this world;VG/VG;LP 0605;120
88:Komaflash;Eindringlicht;VG-NM/VG-NM OBS EP;LP 0606;50
GANTS ;Again   (1st US press 1966);VG/VG;LP 0607;500
Various artists;Motown chartbusters vol.3;VG/VG;LP 0608;120
Bruce Springsteen;Greetings from Asbury Park;VG/VG;LP 0609;120
Temptation;Surface Thrills (1st US press 83);G-VG/VG;LP 0610;90
Paul Simon;The rhythm of the Saints;VG/VG-NM;LP 0611;90
Ike & Tina Turner;Delilah´s Power;G-VG/VG-NM;LP 0612;50
Ventures;Swamp rock;G-VG/G-VG;LP 0614;120
Hanne Boel;Dark Passion;VG-NM/VG-NM;LP 0615;50
Paul McCartney;Give my regards to Broad Street;VG/VG;LP 0616;90
Wild Blue Yonder;Crystal Lewis and Wild Blue Yonder;VG-NM/NM;LP 0617;150
Breakfast Club;Breakfast Club;VG/VG-NM;LP 0618;50
Joan Baez;The Contemporary Ballad Book;G/VG-NM;LP 0619;120
CCS;RAK;G-VG/VG;LP 0620;180
Donovan;Universal Soldier;VG/VG;LP 0623;90
FRESH ;Fresh Out of Borstal;G/VG;LP 0624;90
Tina Turner;Mini;VG/VG-NM;LP 0625;50
Bodine;Bold as Brass;G-VG/VG;LP 0626;90
Mark Andrews and the Gents;Big Boy;VG/VG;LP 0628;50
Jimmy Cliff;In concert the best of;G/VG;LP 0630;50
Aretha Franklin;Jump to it;VG-NM/VG-NM;LP 0632;50
Eric Clapton;Big Boss Man;VG/NM;LP 0636;120
Various ? artists;Sonet Og Vi Unge Præsenterer;VG/NM;LP 0637;50
Sugar;Sugar & Spice;VG/VG;LP 0639;90
Little Richard;Megatoons mix;G/G-VG;LP 0641;50
Cinderella;Heartbreak Station;VG/VG;LP 0643;290
WHO;Meaty, Beaty Big & Bouncey;VG/VG;LP 0644;290
WHO;Odds & Sods;VG/VG;LP 0645;90
Black Sabbath;Never Say Die;NM/NM;LP 0648;250
Bruce Springsteen;57 Channels (and nothin on);Unbroken seal    12” single;LP 0649;90
Depeche Mode;Black Celebration;VG/VG;LP 0650;290
Zed Yago;Pilgrimage;VG/NM;LP 0651;120
Bill Haley;The Bill Haley Collection;VG/VG;LP 0652;90
Dart;Everyone plays Darts;G/VG;LP 0661;50
Dart;Dart attack;VG/VG;LP 6062;50
Various artists;Wham Glam thank you Mam 72-75;VG/VG;LP 0663;50
Ricky Nelson;All my best;VG/VG;LP 0664;90
Various artists;Essential soul;VG/VG-NM;LP 0665;90
Weather Report;Tale Spinnin;G/VG;LP 0666;90
Cat Stevens;The Collection;VG/VG-NM;LP 0667;90
Madonna ;Who´s that girl;VG/VG;LP 0668;90
Paul Young;The secret of association;VG/VG;LP 0669;50
Ron Wood;Gimme some neck;VG/NM  (Japan realese);LP 0670;350
U2;R.o.k;NM/NM (maxi-singel);LP 0671;120
Baby Grand;Baby Grand;VG/VG;LP 0673;90
Bee Gees;Golden Serie International;VG/VG-NM;LP 0674;90
Los Lobos;By the light of the moon;NM/NM;LP 0675;180
Bob Geldof;Deep in the heart of nowhere;VG-NM/VG-NM;LP 0676;120
SPK;Metal Dance;C-VG/VG-NM;LP 0678;90
Neil Diamond ;12 greatest hits Vol II;VG/VG-NM;LP 0679;90
Ian McLagan;Troublemaker;VG-NM/VG-NM;LP 0680;50
Rod Stewart;Every Beat of my heart;VG/VG;LP 0681;50
Eric Carmen;Eric Carmen;VG/VG;LP 0683;50
Chaka Khan;I feel for you;VG/VG-NM;LP 0685;90
Sly Slick And Wicked;Sly Slick And Wicked;VG/VG-NM;LP 0687;120
Smokie;Greatest Hits;G-VG/VG;LP 0688;90
Amazulu;Amazulu;VG/VG-NM;LP 0690;90
La Revolution Francaise;Rock Opera;VG/VG;LP 0693;150
Hollies;The Hollies;VG/VG-NM;LP 0694;120
Fox;Fox;G-VG-VG;LP 0695;90
Berlin;Count Three & Pray;VG/VG-NM;LP 0696;120
Whitney Houston;I´m Your Baby Tonight;NM/NM;LP 0697;120
Danny Wilde;Any man´s hunger;VG-NM/VG;LP 0698;50
Time Bandits;Fiction;VG/VG;LP 0699;50
Robin Gibb;How old are You;VG-NM/VG-NM;LP 0700;90
Jennifer Rush;Wings of desire;VG-NM/VG-NM;LP 0701;50
Everly Brothers;Collection;VG/VG;LP 0702;90
Status Quo;On the level;G-VG/VG-NM;LP 0703;90
Scorpions;Animal Magnetism;G-VG/VG;LP 0705;120
Bruce Springsteen;Darkness on the edge of town;VG-NM/VG-NM;LP 0706;180
Dee Dee Bridgewater;Victime of Love;VG/VG;LP 0708;90
Steve Winwood;ARC of a diver;VG/G-VG;LP 0713;50
Electric Light Orchestra;On the Third Day;G/VG;LP 0716;150
David Bowie/Mick Jagger;Dancing in the street;VG/VG-NM    (12” single);LP 0717;90
T Rex;Great Hits;G/G-VG;LP 0718;90
Jackson 5;Victory;G/VG;LP 0719;50
Eric Clapton;Backtrackin´;VG/VG;LP 0720;120
Steve Stevens;Atomic Playboys;VG-NM/VG-NM;LP 0721;150
George Michael;Listen Without Prejudice;G-VG/NM;LP 0722;290
Sade;Stronger than Pride;VG-NM/VG-NM;LP 0724;180
Mott;Shouting & Pointing;VG/VG-NM;LP 0725;90
Kinks;Spotlight on The Kinks Vol 2;VG/NM;LP 0726;90
Simply Red;Men and Woman;VG/NM;LP 0727;50
Kim Larsen;Sitting on a time bomb;VG/VG-NM;LP 0728;120
Kim Larsen;&Yankee drengene;VG/NM;LP 0729;120
Debbie Harry;Rockbird;VG/VG;LP 0731;90
Japan;Exorcising Ghosts;VG-NM/NM;LP 0732;180
Various artists;Sgt Peppers;VG-NM/NM;LP 0733;120
Yardbirds;For your love;G-NM/NM;LP 0737;90
Animals;Anthology;VG/NM;LP 0739;220
Janis Joplin;Joplin in concert;G-VG/G-VG;LP 0740;250
Bangles;Everything;NM/NM;LP 0742;50
Procul Harum;Salty Dog;VG/VG;LP 0743;50
Mamas and the Papas;People like us;VG/VG-NM;LP 0744;90
Long Ryders;State of our union;VG/VG;LP 0746;90
WHO;Tommy;G-VG/VG;LP 0747;150
Mamas and the Papas;16 of their greatest hits;VG-NM/NM;LP 0748;120
Moody Blues;This is the Moody Blues;NM/NM;LP 0750;290
Enya;Shepherd Moons;VG-NM/NM;LP 0751;150
Anne Linnet;Jeg er jo lige her;G-VG/VG-NM;LP 0752;120
Kinks;Golden Hour of the Kinks;VG/NM-Mint;LP 0754;120
Hothouse flowers;Home;VG-NM/VG;LP 0756;90
George Harrison;Somewhere in England. (Sealed);1981 US original.  Cut-out;LP 0758;250
Tom Tom Club;The pleasure of Love;Mint/Mint     12” single 45rpm;LP 0760;90
Gary Moore;Over the Hills and far away;NM/NM;LP 0761;50
Enya;Watermark;NM/NM;LP 0762;180
AC/DC;Powerage;VG/VG;LP 0764;150
Eagles;Hotel California;VG-NM/VG-NM;LP 0766;150
John Cougar Mellencamp;Lonely ol´night;NM/VG-NM   12” single 45rpm;LP 0769;50
Walther Murphy;Phantom of the opera;NM/NM;LP 0770;90
Killing Joke;Sanity;NM/VG-NM    12” single 45rpm;LP 0772;90
Midnight Oil ;Red sails in the sunset;VG-NM/VG-NM;LP 0773;90
Gordon Lightfoot;Sundown;VG/VG-NM;LP 0774;90
Goanna ;Spirit of place;VG/VG;LP 0775;90
Josh Leo;Rockin´on 6 th;Unbroken seal;LP 0778;90
Rita Pavone;Rita Pavone;VG-NM/NM;LP 0779;90
Various artists;Kasenetz-Katz Singing Orchestral Circus;VG/VG-NM;LP 0780;150
Eric Clapton;Just one night;VG/VG;LP 0781;180
Tiger;Tiger;G/VG-NM;LP 0782;210
Transvision Vamp;Little Magnets vs the Bubble of Babble;VG/NM;LP 0783;120
Grace Jones ;Warm Leatherette;VG/VG-NM;LP 0785;120
Art Garfunkel;Breakaway;VG/NM;LP 0786;120
Salloom Sinclair …;and the Mother Bear;G/VG;LP 0787;120
Smokey Robinson and the miracles;Time out;VG/VG;LP 0788;150
Cars;The Cars;VG/VG;LP 0789;90
Van Morrison;Astral Weeks ;VG/VG;LP 0791;210
Ellen Foley;Spitit of St. Louis;VG/VG;LP 0792;50
Scritti Politti;Provision;VG-NM/NM;LP 0793;90
Julian Lennon;The Secret Value of Daydreaming;VG/VG;LP 0794;50
Dave Edmunds;Repeat When Necessary;VG/VG-NM;LP 0795;50
Shakin Stevens;Shaky;VG/VG;LP 0796;50
Ventures;GO with The Ventures;G-VG/VG;LP 0797;120
Yoko Ono;It´s alright;VG/VG-NM;LP 0799;120
Joan Baez;Live Europe 83;VG/VG-NM;LP 0800;90
Cat Stevens;The World of Cat Stevens;VG/VG-NM;LP 0802;50
Jackson 5;Skywriter;NM/NM;LP 0803;120
Joe Tex;Happy Soul;G-VG/VG;LP 0804;50
Checkmates;Love is all we have to give;VG-VG;LP 0805;90
Vinnie Vincent;Invasion;VG/VG;LP 0807;150
Twisted Sister;Stay Hungry;VG/VG-NM;LP 0808;150
Twisted Sister;Under the blade;VG/VG-NM;LP 0809;150
Ace Frehley;Frehley´s Comet;VG/VG-NM;LP 0813;120
Ted Nugent;Ted Nugent;VG/VG-NM;LP 0815;90
Ted Nugent;Penetrator;VG-NM/VG-NM;LP 0816;120
Ted Nugent;If you cant lick ém …;VG-/VG-NM;LP 0817;120
Titanic;Return of drakkar;VG/VG;LP 0821;150
Uriah Heep;Wonderworld;VG/VG-NM;LP 0823;120
Joy;24K;VG/VG;LP 0827;50
Mike and the Mechanics;Mike and the Mechanics;VG/VG;LP 0832;90
Wanted;Yass;G/VG;LP 0833;50
Lou Gramm;Ready or not;VG-NM/VG-NM;LP 0834;50
Guess Who;Rockin;G-VGVG-NM/;LP 0835;50
Cars;Candy-O;VG/VG-NM;LP 0837;150
Blood, Sweat & Tears;No Sweat;VG-NM/NM-MINT;LP 0841;50
Elton John;Breaking Hearts;VG/VG;LP 0842;50
Paul Young;No Parlez;VG/VG;LP 0843;50
Johnny Hates Jazz;Turn the tide;VG/VG;LP 0844;50
Long Ryders;Native Sons;VG/VG;LP 0845;50
Long Ryders;Two Fisted Tales;VG/VG;LP 0846;50
Billy Idol;Whiplash Smile;VG/VG;LP 0847;50
Dave Edmunds;DE7;VG/VG-NM;LP 0848;50
Rod Stewart;Body Wishes;VG/VG;LP 0849;50
Peter Frampton;The Art of Control;VG/VG;LP 0850;50
Wings;Venus and Mars;VG/VG;LP 0852;120
Tokens;Both sides now;G-VG/VG;LP 0854;50
Rod Stewart;Tonight Im yours;VG/VG;LP 0856;50
Marvin Gaye;Midnight Love;VG-NM/VG-NM;LP 0857;90
David Johansen;In style;VG-NM/NM;LP 0858;50
Johnny Cash;Johnny Cash/Lorena;VG/VG;LP 0859;50
TOTO;Hydra;VG/VG;LP 0860;90
Donovan;Donovan´s Greatest Hits ;VG-NM/NM;LP 0862;90
Little America;Fairground;VG/VG;LP 0863;50
Elvis Presley;20 Rock & Roll Hits;VG-NM/NM;LP 0864;120
Diana Ross and The Supremes ;& The Temptations, on Broadway;G-VG/VG;LP 0865;50
Bobby Vinton;Blue Velvet;VG/VG;LP 0866;90
Bread;Bread;VG/VG;LP 0867;50
Kirka;R.O.C.K.;VG/VG;LP 0868;280
Various Artists;Rock Guitar Greats;VG/VG;LP 0869;90
Various Artists;Johnny Rivers, Ricky Nelson, Randy Sparks;VG/VG;LP 0870;50
Cheap Trick;Lap of Luxury;VG/VG;LP 0871;50
Mink DeVille;Coup de Grace;VG/VG;LP 0872;50
Lou Reed;New York;VG/VG;LP 0873;210
Various artists;Preview;VG/VG;LP 0874;90
Lollipops;Lollipops;VG/VG;LP 0875;50
Elkie Brooks;Rich man´s woman;VG/VG;LP 0876;50
Middle of the Road;It’s the Middle of the Road;VG/VG;LP 0877;50
Brenda Lee;Brenda Lee;VG/VG;LP 0878;50
Rick Nelson;Yesterdays Pop Scene;VG/VG-NM;LP 0879;50
Bill Haley;Birth of Rock;VG/VG;LP 0880;50
Crowded House;Woodface;VG/VG;LP 0881;210
Heart;Bad Animals;VG/G;LP 0882;50
Beach Boys;Beach Boys;VG/NM;LP 0888;50
URTH;Overture from return of the jedi;Sealed  12”;LP 0890;50
Trevor Jones;The dark Crystal;Sealed  12”;LP 0891;900
Donna Summer;The Wanderer;Sealed  12”;LP 0893;180
Donna Summer;Donna Summer;Sealed  12”;LP 0894;180
Hooters;All you zombies;VG/VG;LP 0896;50
William Bootsy Collins;The one Giveth;NM/NM;LP 0897;90
Europe;Wings of tomorrow;G-VG/VG;LP 0898;120
U2;Wide awake in America;VG/VG-NM;LP 0901;90
U2;U2 Pride (In the name of love);VG/VG;LP 0902;90
Creedence Clearwater Revival;Live in Germany;VG/VG-NM;LP 0903;250
Beatles;HELP!;VG/NM (1st press);LP 0906;2500
Beatles;A Hard days night;VG/VG;LP 0907;900
Beatles;Sgt Peppers.. Picture disc;VG/VG;LP 0908;700
Scorpions;Love at first sting;VG/VG;LP 0911;150
Europe;Prisoners in Paradise;VG-NM/VG-NM;LP 0913;290
10 CC;Sheet Music;VG/NM;LP 0915;150
Slade;The amazing Kamikaze syndrome;VG/G-VG;LP 0917;90
TOTO;TOTO;VG/VG;LP 0918;120
WAS (NOT WAS);Tell me I´m Dreaming;Sealed  12”;LP 0920;120
Hollies;Live Hits;G-VG/VG-NM;LP 0921;50
Frank Zappa&The Mothers.. ;Unmitigated Audacity ;VG-NM/VG-NM;LP 0922;350
Frank Zappa&The Mothers.. ;Weasels ripped my flesh;VG-NM/VG-NM;LP 0923;250
Frank Zappa&The Mothers.. ;Burnt Weeny Sandwich;VG/VG-NM;LP 0924;350
Frank Zappa;As an am;NM/NM  ;LP 0926;700
Eric Clapton;Rainbow Concert;NM-Mint/NM-Mint;LP 0927;250
Al Stewart;Time passages;NM/NM;LP 0928;210
Chicago;Transit Authority;VG-NM/NM-Mint;LP 0930;210
Duan Allman;An anthology;VG-NM/NM;LP 0931;290
Camel;Camel;NM/NM;LP 0932;450
Elf;Elf;NM/NM;LP 0933;950
Kingdom Come;Journey;NM/NM;LP 0934;290
Manfred Manns Earth Band;The Roaring Silence;VG/VG;LP 0935;120
Manfred Mann;The Greatest Manfred Mann;VG/VG-NM;LP 0936;90
Searchers;The Searchers;VG-NM/VG-NM;LP 0937;180
Belt&Brace Roadshow band;Treasonous Thinking;VG/VG-NM;LP 0939;120
Fabulous Poodles;Think Pink;VG/VG;LP 0940;50
RitaMarley;Who feels it Knows it;VG-NM/VG-NM;LP 0942;50
Mungo Jerry;Mungo Jerry;VG/VG-NM;LP 0943;90
Chicago;Chicago;G-VG/VG-NM;LP 0944;150
David Bowie;Scary Monsters;NM/NM;LP 0946;490
Sweet;Fanny Adams;NM/NM;LP 0947;350
Ike & Tina Turner;Rock me baby;VG/VG;LP 0949;90
Jacksons;Triumph;VG/VG;LP 0951;50
Elvis Presley;Elvis Paradise, Hawaiian Style;VG/VG-NM;LP 0953;120
Katrina & the waves;Break of Hearts;VG/VG;LP 0955;50
Zager & Evans;2525;G/VG-NM;LP 0958;120
Clarence Clemons;Rescue;VG/VG-NM;LP 0959;90
Skin Games;The Blood Rush;VG/VG;LP 0960;90
China Crisis;Flaunt the Imperfektion;VG/VG;LP 0961;90
Boy meets girl;Reel life;VG/VG;LP 0962;90
Graphic;Way of the world;VG/G;LP 0963;50
Beds;Beds;VG/VG;LP 0964;50
Blue in Heaven;Explicit Material;G-VG/VG-NM;LP 0965;90
Trio;Trio;VG/VG;LP 0966;150
Adam and the ants;Kings of the wild frontier;G-VG/VG;LP 0969;50
Paul Kantner;Planet Earth;G/VG;LP 0970;50
Atlanta Rhythm Section;Campagne Jam;G-VG/VG;LP 0971;50
Japan ;Tin Drum;NM/NM;LP 0972;180
Donna Summer;Greatest Hits Volumes I&II;G-VG-VG;LP 0973;150
Bankstatement;Throwback;VG/VG 12#;LP 0975;50
Gasolin;Bob-Shi-Bam / Girl you got me lonely;VG/VG 12#;LP 0976;400
Chicago;Live;VG/VG-NM;LP 0977;600
Jimmy `Bo´ Horre;Best of ;VG/VG  Promo copy;LP 0978;120
Sade;Diamond life;VG/VG;LP 0979;90
Southside Johnny;Having a party with …;VG/VG;LP 0980;90
Bob Dylan;Shot of love;VG/G-VG;LP 0981;120
Allman Brothers Band;Brothers and Sisters;VG/VG;LP 0982;90
Saxon;Denim and Leather;VG/VG;LP 0983;90
Russell Dashiell;Elevator;VG/VG;LP 0984;50
Searchers;The Golden Hour of;G-VG/VG;LP 0985;120
Simple Minds;Sons and Fascination;VG-NM/VG-NM;LP 0986;90
George Benson;Inside love;Sealed 12”;LP 0987;50
Roxy Music;Stranded;VG/VG;LP 0988;120
Blondie;Atomic;VG/VG-NM   Maxi single 12”;LP 0990;90
Simon and Garfunkel;Los Grandes Exitos;VG/VG;LP 0991;120
Cutting Crew;Broadcast;NM/NM;LP 0994;150
Blue Yonder;Blue Yonder;VG/NM;LP 0995;90
Nancy Martinez;For tonight;VG-NM/NM   Maxi single 12”;LP 0996;50
Pavlovs Dog ;Pampered Menial;NM/NM;LP 0999;300
Wishbone Ash;Live Dates;NM/NM;LP 1000;300
UB40 CCCP;Live in Moscow;VG/VG;LP 1001;120
Electric Light Orchestra;Discovery;VG/VG;LP 1003;120
Nigel Olsson;Nigel Olsson;VG/VG;LP 1004;50
Aneka ;Japanese Boy;VG/VG;LP 1005;50
Gilbert O´Sullivan;A Stranger In My Own Back Yard;VG/VG;LLP1006;90
Gilbert O´Sullivan;I´m a writer, not a fighter;VG/VG;LLP1007;50
Low Profile Society;3D Concept part 3;VG/G-VG;LP 1008;150
Carl Hall;I just love making love;VG/VG;LP 1009;50
Danny Wilson;Meet Danny Wilson;VG/VG;LP 1010;90
Herbie Mann;Surprises;VG/NM;LP 1012;150
Focus;At the rainbow;VG-NM/NM;LP 1013;180
Focus;Mother Focus;NM/NM;LP 1014;150
O;Within Reach;G/VG;LP 1016;50
BigAudio Dynamite;C´mon every Beatbox;VG/VG    Maxi single 12”;LP 1017;50
Don Dixon;Most of the girls like to dance;VG/NM;LP 1018;90
Sigue Sigue Sputnik;Love Missile F1-11;VG/VG;LP 1019;150
;;;;
Patrick Moraz;Future Memories;VG/VG;LP 1020;120
Rod Stewart;The best of. Vol 2;VG/VG;LP 1021;50
Legion of Dynamic Diskord;Rebel rebel;G-G/VG;LP 1022;90
Louise Goffin;This is the place;VG-VG;LP 1023;50
Ace;Five-a-side;G-/VG;LP 1024;90
Hank C. Burnette;Don´t mess with my ducktail;VG/VG;LP 1026;90
Bad Company;Fame and Fortune;VG/VG;LP 1027;50
Kevin Rowland;The Wanderer;VG/VG-NM;LP 1028;150
Loving Spoonful;The Loving Spoonful;VG/VG;LP 1029;90
Al Roberts Jr.;Rockabilly Guitar man;VG/VG-NM;LP 1030;90
Swinging Blue Jeans;History of Brittish Pop;VG/VG-NM;LP 1031;120
Ventures;Runnin strong;VG/VG ;LP 1032;150
Runaways;Live in Japan;G/G-VG  (excl. photo);LP 1033;150
Champs;The best of the champs;VG/VG;LP 1034;90
Ghost Nation;Hunters & Collectors;VG/VG-NM;LP 1035;90
Planets;Spot;VG/VG;LP 1036;50
Ronnie Montrose;The speed of sound;G-VG/VG;LP 1037;90
Greifarnir;Dubl I horn;G-VG/VG;LP 1038;90
Various artists; Látúnsbarkarnir;G-VG/VG;LP 1039;250
Pink Floyd;The Dark Side of the Moon;VG/VG-NM;LP 1040;350
John Fogerty;Centerfield;VG-NM/NM;LP 1042;90
Mick Fleetwood;The Visitor;VG-NM/NM;LP 1043;120
Joe Cocker;One night of sin;NM/NM;LP 1044;120
Sting;Nothing like the sun;NM/NM;LP 1045;180
Emerson, Lake &Palmer;In concert;VG-NM/VG-NM;LP 1046;90
Spandau Ballet;Parade;NM/NM;LP 1047;90
UB40;Labour of Love;VG/NM;LP 1048;120
Deep Purple;24 carat Purple;VG/VG-NM;LP 1050;210
Janis Joplin;Greatest Hits;G-VG/VG;LP 1051;180
Suzi Quatro;Quatro;VG/VG-NM;LP 1053;150
Colin Blunstone;Journey;VG-NM/VG-NM;LP 1055;50
Dalbello;She;VG/-G-VG;LP 1058;50
Beach Boys;All summer long;VG/VG-NM;LP 1059;280
Bob Seger;Against the wind;VG-NM/VG;LP 1060;90
Charlie;Lines;VG/VG;LP 1061;90
CCS;CCS;VG-NM/VG-NM;LP 1062;150
Other bright colors;Endlessly Rocks the Cradle;VG-NM/VG;LP 1063;50
Common Bond;Anger into passion;VG-NM/VG;LP 1064;50
Shadowland;The beauty of escaping;VG-NM/NM;LP 1065;50
Mouth & Macneal;How do you do;VG/G-VG;LP 1066;50
Jennifer Rush;Power of love;VG-NM/VG-NM;LP 1068;50
Sniff n the Tears;The Game´s up;G-VG/VG;LP 1070;90
Carol King;Fantasy;VG-NM/VG-NM;LP 1071;120
Dire Straits;Brothers in arms;VG-NM/G;LP 1072;50
Amazulu;Montego Bay;VG-NM/VG-NM;LP 1074;50
Bamses venner;Sådan set;VG-NM/VG-NM;LP 1075;50
Barclay James Harvest;XII;VG/VG;LP 1076;50
David Lindley;Mr Dave;VG/VG;LP 1079;90
Yes;Drama;VG-NM/VG-NM;LP 1080;90
J.J. Cale;Shades;NM/NM;LP 1081;120
Ry Cooder;Bop till you drop;NM/NM;LP 1082;120
Gerry Rafferty;City to City;VG-NM/NM;LP 1084;120
Art Garfunkel;Scissors Cut;NM/NM;LP 1086;90
Devadip;Oneness;VG-NM/NM;LP 1087;120
Rolling Stones;Tattoo You;VG/NM;LP 1088;150
Police;Zenyatta Mondatta;VG-NM/NM;LP 1089;150
Steve Winwood;Roll With it;NM/NM;LP 1090;120
Sting;The Soul Cages;NM/VG-NM (missprint sid 1:5) ;LP 1091;90
Chicago;Chicago 13;VG-NM/NM;LP 1092;120
Randy Crawford;Windsong;NM/NM;LP 1093;90
Robert Palmer;Clues;VG-NM/NM;LP 1096;120
Melanie;Garden in the City;G/VG;LP 1098;50
Elephant´s Memory;Elephant´s Memory;G/G;LP 1099;50
Jerry Harrison;The red and the black;VG/VG;LP 1100;90
Bangles;All over the place;VG/VG;LP 1102;90
Alan Parsons project;Vulture Culture;VG-NM/NM;LP 1104;50
Alan Parsons project;Tales of mystery and imagination EAP;VG/NM;LP 1105;90
Wet Wet Wet;Wishing I was lucky;VG/VG      Maxi single 12”;LP 1107;50
Visitors;Never so Blue;VG/VG     Maxi single 12”;LP 1108;50
Dead or alive;Hooked on love;VG-NM/NM     Maxi single 12”;LP 1109;90
Vaya Con Dios;Night Owls;VG-NM/VG-NM;LP 1110;120
Textones;Midnight Mission;VG/VG;LP 1112;120
Mike Oldfield;Amarok;NM/NM;LP 1114;290
Sanne Salomonsen;Sanne;NM/NM;LP 1115;120
Various artists;20 Oldies Revival Vol1;G/VG;LP 1116;50
Barry White;Let the music play;VG/VG;LP 1117;50
Supertramp;Paris;VG-NM/NM;LP 1119;290
TOTO;The seventh one;NM/NM;LP 1121;120
Kraftwerk;Die Mensch Maschine;VG-NM/VG-NM;LP 1122;650
Steely Dan;Gaucho;VG-NM/NM;LP 1123;290
Ellen Foley;Nightout;VG/VG;LP 1124;50
Mixed Emotions;Exile;VG/VG;LP 1125;50
Various Artists;We are the world;VG/VG;LP 1127;90
Various Artists;American Gigolo;VG/VG;LP 1128;50
John Lennon;The Collection;NM/NM;LP 1129;250
Tom Petty;Long after dark;VG-NM/VG-NM;LP 1131;180
Michael Quatro;Getting´ready;VG/VG;LP 1135;50
Cher;Take me home;VG/VG-NM;LP 1136;120
Roxy Music;Manifesto;VG/VG-NM;LP 1138;90
Roxy Music;Viva! Roxy Music;VG-NM/NM;LP 1139;120
Donald Fagen;The Nightfly;VG/VG-NM;LP 1140;90
Jackson Browne;Lawyers in love;VG-NM/VG-NM;LP 1141;50
Dave Clark Five;The very best of;VG/VG-NM;LP 1142;150
J.Geils Band;Freeze Frame;VG-NM/VG-NM;LP 1143;50
Stevie Wonder;In Square Circle;VG-NM/NM;LP 1146;90
Eric Clapton ;Journeyman;VG-NM/VG-NM;LP 1148;150
Eric Clapton;August;VG-NM/VG-NM;LP 1149;120
Paul McCartney;Flowers in the dirt;NM/NM;LP 1150;150
Paul McCartney;Tug of war;VG/NM;LP 1151;90
Smokie;The Montreux album;VG/VG-NM;LP 1152;90
Smokie;Changing all the time;VG/VG;LP 1153;180
Gary Glitter;Glitter;VG-VG;LP 1154;90
Dr Hook;Sometimes you win;VG-NM/VG-NM;LP 1155;50
Santana;Caravanserai;NM/NM;LP 1156;120
Mike Oldfield;Discovery;NM/VG-NM;LP 1158;90
Mike Oldfield;Five Miles out;VG/G-VG;LP 1159;50
Mike Oldfield;The Killing Fields;NM/NM;LP 1160;90
Mike Oldfield;The Complete Mike Oldfield;NM/NM;LP 1161;250
Blow Monkey;Animal Magic;VG/VG;LP 1162;50
Dr Hook;Pleasure and pain;VG/VG;LP 1163;50
Paul Simon;Hearts and Bones;NM/NM;LP 1164;180
Gloria Gaynor;I´ve got you;NM/NM;LP 1165;90
Smokie;Bright Lights & Back Alley;VG/VG;LP 1167;50
Santana ;Santana (3);VG7VG;LP 1168;120
David Lindley;El Rayo-X;VG-NM/VG-NM;LP 1169;90
David Lindley;Win this record;VG/VG-NM;LP 1170;50
Diana Ross ;The Boss;VG/VG;LP 1171;90
King Bees;The King Bees;VG/VG;LP 1172;50
Beatles;Revolver;VG-NM/VG-NM;LP 1177;250
Beatles;With the Beatles;NM/NM;LP 1178;250
Beatles ;Help;VG/NM;LP 1179;250
Beatles;Rubber Soul;NM/NM;LP 1180;290
Beatles;Let it be;VG/NM;LP 1182;250
Marie et les Garcons;Re-Bop – Attitudes;VG/VG     Maxi single 12”;LP 1183;180
Ronnie Spector;Siren;G-VG/VG;LP 1184;90
Ekseption;00- 04;VG-NM/VG-NM;LP 1185;50
Sebastian;Live;VG/VG-NM;LP 1186;90
Move;The Platinum Collection;VG/VG;LP 1187;120
Mick Jones;Mick Jones;VG/VG-NM;LP 1188;120
Rio ;Borderland;VG/VG;LP 1189;90
Various artists;Sonets Jubileums serie 2. Tio i topp;G-VG/VG;LP 1190;50
Au Pairs;Inconvenience m.fl;VG/VG;LP 1191;90
The Fatback band;Keep on steppin;VG/VG;LP 1192;390
Sweet Charles;For Sweet People;VG/VG;LP 1193;690
Tears for Fears;The seeds of love;VG-NM/VG-NM;LP 1194;180
Rolling Stones;Big hits (high tide and green grass);VG-VG;LP 1195;120
Sex pistols;Never mind the Bollocks;VG/VG-NM;LP 1196;320
Gary Brooker;Lead me to the water;VG/VG-NM;LP 1199;50
Beatles ;A Hard days night;VG/VG;LP 1200;220
High Inergy;Turnin´on;G-VG/VG;LP 1201;50
Beat Feet;One hundred places;G/VG;LP 1203;50
Magnum;The eleventh hour;G-VG/VG;LP 1204;90
Ozzy Ozbourne;Bark at the Moon;VG/VG;LP 1205;220
Lynyrd Skynyrd;Lynyrd Skynyrd´s Greatest Hits;G-VG/VG;LP 1206;150
Santana;Greatest Hits;G/VG;LP 1207;90
Return;Straight down the line;VG-NM/VG;LP 1209;120
Michael Schenker Group;Assault attack;G-VG/G-VG;LP 1210;50
TOTO;Fahrenheit;VG-NM/VG;LP 1211;90
Twenty 4 seven;I can´t stand it;G-VG/VG;LP 1212;50
Feargal Sharkey;Feargal Sharkey;VG/VG;LP 1213;50
Yazoo;You and Me both;VG/VG;LP 1214;120
David Johansen;Live it up?;VG/VG;LP 1215;50
Smokey Robinson;One Heartbeat;VG/VG;LP 1217;90
Human League;Dare;VG/VG;LP 1218;90
Creeps;Blue Tomato;VG/VG-NM;LP 1220;90
SAGA;Saga III;G-VG/VG;LP 1222;50
New Castle;Songlines;VG/NM     12” maxisingel;LP 1223;90
Louise Tucker ;Midnight Blue;VG/VG;LP 1224;50
Paul and Linda McCartney;RAM;VG/VG;LP 1226;250
801;801 live;NM/NM;LP 1227;250
Fleetwood Mac;Heroes are hard to find;VG-NM/NM;LP 1230;150
Steve Miller Band;Book of Dreams;NM/NM;LP 1232;120
Steve Forbert;Little Stevie Orbit;VG/NM;LP 1233;120
Starbuck;Moonlight feels right;VG/NM;LP 1234;90
Robin Trower;Live;NM/NM;LP 1237;180
Weather Report;Heavy Weather;VG/VG-NM;LP 1239;120
Weather Report;Night Passage;VG/VG-NM;LP 1240;120
Tower of Power;Ain´t Nothin´ Stoppin´ Us Now;G-VG/VG;LP 1242;120
Tower of Power;We came to play;VG/VG-NM;LP 1243;120
Chicago;Chicago 16;VG/VG-NM;LP 1244;90
Chicago;Chicago 17;VG/VG-NM;LP 1245;90
Vio-lence;Eternal Nightmare;VG/VG-NM;LP 1246;950
ZZ Top;Eliminator;VG/VG;LP 1249;50
Ratt;Detonator;G-VG/VG-NM;LP 1250;590
Alien;Shiftin´Gear;VG/VG;LP 1252;90
Vinnie Moore;Time Odyssey;VG/VG;LP 1253;90
Jesus Christ Superstar;Original Recording;VG/VG;LLP1256;90
Humble Pie;The Crust of;VG/VG-NM;LLP1257;120
Genesis;Selling England by the pound;NM/VG-NM;LP 1260;250
Sir Lord Baltimore;Kingdom Come;VG-NM/NM;LP 1261;950
Genesis;Invisible Touch;VG/VG;LP 1262;150
Various artists;Harvest Special;VG/VG;LP 1263;90
Kate Bush;The Sensual World;VG-NM/VG-NM;LP 1267;150
King Crimson;USA;NM/NM    (1st press);LP 1273;700
Camel;The Snow Goose;VG/NM    (1st press);LP 1274;280
Camel;Mirage ;VG-NM/NM;LP 1275;480
Diana Ross;Everything is everything;NM/NM;LP 1276;90
Jimi Hendrix;Hendrix in the west;VG-NM/NM;LP 1277;220
Johnny Winter;Captured Live;NM/NM;LP 1278;120
Genesis ;Live;NM/NM;LP 1279;150
Rolling Stones;No Stone unturned;VG/VG;LP 1281;220
Frank Zappa;Sleep Dirt;VG/VG;LP 1282;180
Zappa / Beefheart / Mothers;Bongo Fury;VG-NM/VG-NM;LP 1285;280
Mothers;Just another band from LA;VG-NM/VG;LP 1288;180
Zappa/Mothers;Roxy & Elsewhere;VG-NM/VG-NM;LP 1289;220
HammerFall;Dominion;VG/VG;LP 1290;250
Yes;Tormato;NM/VG-NM;LP 1291;120
Leonard Cohen;Greatest Hits;VG-NM/VG-NM;LP 1294;120
Peter Gabriel;So;VG/VG;LP 1295;120
Sinead O´Connor;I do not want what I haven´t got;VG/VG;LP 1296;90
Pretenders;Learning to crawl;VG/VG;LP 1297;50
R.E.M.;Document;VG/VG;LP 1298;180
Kim Larsen;Jungle Dreams ;NM/NM;LP 1302;180
Electric Light Orchestra;A new world record;NM/NM;LP 1303;180
Traveling Wilburys;Volume one;VG-NM/VG-NM;LP 1306;180
Earth, Wind & Fire;That’s the way of the world;VG/VG;LP 1307;150
Bo Diddley;Bo Diddley;VG/VG;LP 1308;150
Lou Reed;Live;VG/VG;LP 1309;120
Madness;Absolutely;G-VG/VG;LP 1310;90
David Bowie;Aladdin Sane;VG/VG(Lyrics poor);LP 1312;180
ASIA;Alpha;G-VG/VG;LP 1313;90
Janet Jackson;Control;VG/VG;LP 1314;50
Janet Jackson;Rhythm Nation;VG-NM/VG-NM;LP 1315;90
Journey;ESC4P3;VG/VG;LP 1316;180
Journey;Raised on radio;VG/VG;LP 1317;90
Roxy Music;Greatest Hits;VG/VG;LP 1318;50
Beastie Boys;Licenced to Ill;VG/VG;LP 1319;250
Saints;Eternally Yours;VG-NM/VG-NM;LP 1320;280
R.E.M;Out of time;VG/VG;LP 1321;180
R.E.M;Murmur;VG/VG;LP 1322;300
Ananta;Night and Daydream;VG/VG;LLP 1323;50
Impressions ;Its about time;Sealed;LLP 1324;90
Ron Banks And The Dramatics;The Dramatic Jackpot;Sealed;LLP 1325;50
;;;;
Canned Heat;Cook Book, The Best of ;VG-NM/VG-NM;LP 1326;90
Fabulous Thunderbirds;Hot Number;NM/NM;LP 1328;90
R.E.M.;Lifes Rich Pageant;VG/G-VG;LP 1329;120
Fabulous Thunderbirds;T-Bird Rhythm;VG-NM/VG;LP 1330;90
Aerosmith;Done With Mirrors;VG/G-VG;LP 1331;50
Cramps;Bad music for bad people;NM/NM;LP 1332;390
Eddie Cochran;C`mon everybody;VG-NM/VG-NM;LP 1334;50
Skid Row;Skid Row;VG-NM/VG-NM;LP 1335;280
ZZ Top;Afterburner;VG/VG;LP 1336;90
Viva;What the Hell is going on!;VG/G-VG;LP 1337;90
Yngwie J. Malmsteen´s Rising Force;Marching out;VG/VG;LP 1338;120
Kizz;Dynasty;VG/VG;LP 1339;120
Peter Gabriel;Peter Gabriel (1977);NM/NM;LP 1340;180
Peter Gabriel;Peter Gabriel (1978);NM/NM;LP 1341;180
Beatles;Hamburg tapes Volume 1;VG/VG;LP 1342;180
Beatles;Hamburg tapes Volume 3;VG-NM/VG-NM;LP 1343;220
Beatles;The Beatles in Hamburg;NM/NM;LP 1344;220
Uriah Heep;Demons and Wizards;VG/VG;LP 1346;150
Uriah Heep;The Magicians Birthday;VG/VG;LP 1347;120
ZZ Top ;Recycler;VG-NM/NM;LP 1348;180
David Lee Roth;A little ain´t enough;G-VG/VG;LP 1349;150
Backdraft;This Heaven goes to Eleven;VG-NM/NM;LP 1350;180
FM;Indiscreet;VG/VG-NM;LP 1351;120
Electric Light Orchestra;Time;G-VG/G-VG;LP 1352;90
Various artist;Prince New Power Generation;VG/NM;LP 1354;700
Prince;Small Club;G-VG/VG-NM;LP 1355;700
Prince;Just my imagination;VG-NM/VG-NM;LP 1356;400
Prince;He´s got the look;VG-NM/VG-NM;LP 1357;400
Tom Petty;“Let me up…”;VG/VG;LP 1358;120
Beatles;The Beatles 1967-1970;G-VG/G-VG;LP 1359;180
Tom Petty;Southern Accents;VG-NM/VG;LP 1360;150
Bob Dylan;Slow train coming;VG/VG;LP 1361;90
Tom Petty;Hard Promises;VG/VG;LP 1362;150
J.J. Cale;Okie;G-VG/VG-NM;LP 1363;120
J.J. Cale;5;VG/VG;LP 1364;120
J.J. Cale;Shades;G/VG;LP 1365;90
J.J. Cale;Grasshopper;G-VG/VG;LP 1366;90
J.J. Cale;Really;VG/VG;LP 1367;90
Don McLean;American Pie;VG/VG-NM;LP 1368;150
John Lennon/Plastic Ono Band;John Lennon/Plastic Ono Band;VG/VG-NM;LP 1369;220
Yoko Ono;Season of Glass;VG/VG-NM;LP 1371;90
George Harrison;George Harrison;VG/VG;LP 1373;120
George Harrison;Dark Horse;VG-NM/VG-NM;LP 1374;180
George Harrison;All things must pass;VG/NM;LP 1375;280
Fleetwood Mac;The Collection;VG/G-VG;LP 1376;90
Aerosmith;Pump;VG/VG-NM;LP 1377;150
Saxon;Crusader;VG/VG;LP 1378;90
Deep Purple;the NOW What?! Live Tapes;VG-NM/VG;LP 1379;180
Blue Öyster Cult;Agents of fortune;VG/VG;LP 1380;180
Ace Frehley;Frehley´s Comet;NM/NM;LP 1381;220
Frank Marino;Mahogany Rush Live;VG/VG-NM;LP 1382;90
TNT;Tell No Tales;VG/VG;LP 1383;120
Led Zeppelin;Paris Studios 1971;VG-NM/VG-NM;LP 1384;500
Dire Straits;Communicè;VG/NM;LP 1385;150
Zeus B. Held;Zeus Amusement;VG/VG-NM;LP 1387;180
Elton John;Here and There ;VG/VG-NM;LP 1388;90
Kokomo;Kokomo;VG/VG;LP 1389;90
Elvis Presley;Rock´n Roll;VG/VG;LP 1390;50
Disneyland after Dark;Call of the wild;VG/VG;LP 1391;220
Link Wray & the Raymen;There´s good rockin` Tonite;VG/VG;LP 1392;180
Link Wray;Live in `85;VG/VG-NM;LP 1393;150
Flying Burrito Bros;Burrito Deluxe;VG-NM/VG-NM;LP 1394;120
Pixies;Bossanova;VG-NM/VG-NM;LP 1395;280
Blondie;Autoamerican;G-VG/VG-NM;LP 1396;50
Cado Belle;Cado Belle;VG-NM/VG-NM;LP 1397;50
Love and Kisses;Love and Kisses;VG-NM/VG-NM;LP 1398;90
Sweet;Desolation Boulevard;VG/VG;LP 1399;180
Billy Joel;Streetlife serenade;VG/VG-NM;LP 1400;50
Van Morrison;A period of transition;VG/VG;LP 1401;90
The Red Crayola* With TFU;The Parable Of Arable Land;VG/VG;LP 1402;390
;;;;
Suzanne Vega;Days of open Hand;VG/VG-NM;LP 1403;120
Lighthouse;Peacing it all together;VG/VG-NM;LP 1404;50
Joni Mitchell;Wild things run fast;VG/VG-NM;LP 1405;90
Mark Knopfler;Local Hero;VG/VG;LP 1406;120
Bob Dylan & the Band;The Basement tapes;VG-NM/VG-NM;LP 1407;250
Joan Baez;Diamond & Rust;G/VG;LP 1408;50
George Michael;Freedom;VG/NM    “Maxi single 12”;LP 1409;120
Liona Boyd;Persona;VG/VG-NM;LP 1410;90
Police;Synchronicity;VG/VG-NM;LP 1411;150
Buddy Holly & The Crickets;Buddy Holly Lives;VG/VG-NM;LP 1412;50
Prince;Batman;VG/VG;LP 1413;120
Various artists;Carry on Oi!!;VG/VG;LP 1414;120
Jimi Hendrix;The legends of rock;VG/VG-NM;LP 1415;180
Doors;Alive she cried;VG/VG;LP 1416;150
Doors;Live at the Hollywood Bowl;VG/G-VG;LP 1417;90
Stooges;The Stooges;VG-NM/NM;LP 1418;350
Stooges;Fun House;VG/VG;LP 1419;280
Iggy and the Stooges;I´m sick of you;VG-NM/VG-NM;LP 1420;250
Joe Cocker;Luxury you can afford;G-VG/VG;LP 1421;50
Beatles ;Yellow Submarine;G-VG/NM-Mint;LP 1422;250
Bruce Springsteen;Born in the USA;VG-NM/VG-NM;LP 1423;120
Fleetwood Mac;Behind the mask;G-VG/NM;LP 1424;120
Madonna ;Vogue;VG/VG “Maxi single 12”;LP 1425;90
REO Speedwagon;Love as we know it;VG/G-VG;LP 1426;50
Phil Collins;Serious Hits, LIVE;VG/VG;LP 1427;180
Stevie Wonder;Hotter than July;VG/VG;LP 1428;90
Boney M.;Reunion;VG/VG;LP 1429;120
Elvis Presley;A Canadian Tribute;G-VG/G-VG;LP 1430;90
Various artists;After the Hurricane;VG/VG;LP 1431;90
Huey Lewis & the news;Fore!;VG/VG;LP 1432;50
Trashing Doves;Bedrock Vice;G-VG/VG;LP 1433;50
Walter Rossi;Six Strings Nine Lives;VG-NM/VG-NM;LP 1434;120
Boney M;Love for sale;VG/VG;LP 1435;90
Phil Collins;But Seriously;VG-NM/VG-NM;LP 1436;120
Eurythmics;Be Yourself tonight;VG-NM/VG-NM;LP 1437;120
Traveling Wilburys;Vol 3;VG-NM/VG-NM;LP 1438;150
Jackson Browne;Saturete before Using;VG/VG;LP 1439;120
Bob Marley;Keep on moving;VG-NM/VG-NM;LP 1440;120
Black box;Dreamland;VG/VG;LP 1441;120
Maxi priest;Bonafide;VG-NM/VG-NM;LP 1442;90
Art Garfunkel;Lefty;VG/VG-NM;LP 1443;90
Beach Boys;The Beach Boys;VG/VG;LP 1444;50
Rick Danko;Rick Danko;VG-NM/VG-NM;LP 1445;90
Joan Baez;Gulf Winds;VG/VG;LP 1446;90
Fabulous Thunderbirds;Butt Rockin;VG/VG;LP 1447;90
Doors ;13;G-VG/VG;LP 1448;90
Talking Heads;Remain in the light;NM/NM-MINT;LP 1449;180
Beatles ;Rarities;VG/VG;LP 1450;280
Eagles;One of these nights;VG/VG;LP 1451;120
Electric Light Orchestra;Xanadu;VG/VG-NM;LP 1452;180
Yazz;Remixes;VG-NM/NM;LP 1453;120
Mamas and the Papas;The Hit Singles Collection;VG-NM/VG-NM;LP 1454;90
Joan Baez;5;VG-NM/VG-NM;LP 1455;50
Kiss;Unmasked;NM/NM;LP 1456;180
King Crimson;In the Court of King Crimson;NM/NM;LP 1457;690
Various artists;Rock Fury;VG/VG;LP 1458;50
Jackson Browne;Lives in the balance;VG/VG;LP 1459;50
Chicago;V;G/VG;LP 1460;90
Sonics;Here are The Sonics;VG-NM/VG-NM;LP 1461;690
Volbeat;Outlaw Gentlmen & Shady Ladies;NM-Mint;LP 1462;390
Icecube;Wicked;VG/VG;LP 1463;90
Bee Gees;Best of Bee Gees;G-VG/VG   (nytt innerkonvolut);LP 1464;90
Foreigner;4;VG/VG;LP 1465;90
Air Supply;Lost in love;VG/VG;LP 1466;90
Hothouse Flowers;People;VG/VG;LP 1467;50
WHO;Rarities Vol1;VG/VG-NM;LP 1468;120
Jules Shear;The eternal return;VG/VG;LP 1469;50
Monroes ;Face another day;VG/VG;LP 1470;90
Richard Marx;Richard Marx;VG/VG;LP 1471;90
Various artists;The woman in red (soundtrack);VG-NM/VG-NM;LP 1472;50
Various artists;Buster (soundtrack);VG/VG;LP 1473;50
Jerry Lee Lewis;Great Balls of fire (soundtrack);VG/VG;LP 1474;50
Millie Jackson;Free and in love;VG/VG;LP 1475;180
Volbeat;Seal the deal & let´s boogie;VG-NM/VG-NM  (Linjer Sid 1B);LP 1476;320
Cars;Heartbeat City;G-VG/G-VG (Linjer Sid 1);LP 1477;50
Electric Light Orchestra;Balance of Power;VG/VG;LP 1478;120
Rolling Stones;Some Girl;VG/VG-NM;LP 1479;220
Rolling Stones;Still Life;VG/VG-NM;LP 1480;280
Kate Bush;The sensual World;G/VG;LP 1481;150
Aretha Franklin;Aretha;VG/VG;LP 1482;90
Paul Simon ;Graceland;VG/VG;LP 1483;120
New Kids on the Block;Step by step;VG-NM/VG;LP 1484;50
Elvis Presley;Platinum ;NY/OBRUTEN;LP 1485;250
Hooters;One way Home;VG/VG;LP 1486;150
Jethro Tull;Repeat – The best of Vol II;VG-NM/NM;LP 1487;150
Focus;At the rainbow;G- VG/VG-NM;LP 1488;180
Cher ;Heart of stone;VG/VG;LP 1489;150
Pink Floyd;A momentary Laps of Reason;VG/VG-NM;LP 1490;280
Madness;The Rise & Fall;VG/VG-NM;LP 1491;150
Frizzby Fox;Pretty Boys;VG/VG;LP 1492;50
Tymes;Trustmaker;VG/NM;LP 1493;50
John Miles;Transition;VG/VG-NM;LP 1494;50
John Miles;Play on;VG-NM/NM;LP 1495;90
Broken Home;Broken Home;VG/VG;LP 1496;90
Bryan Ferry;Lets stick together;VG/VG-NM;LP 1497;90
Kim Larsen ;Midt om natten;VG-NM/NM;LP 1498;120
Eurythmics ;Savage;VG/VG-NM;LP 1499;90
Beatles;Sgt Peppers …..;VG-NM/G-VG;LP 1500;180
Volbeat;Rewind Replay Rebound;NM/Mint;LP 1501;390
Mick Jagger;Shes the Boss;VG-NM/VG-NM;LP 1502;120
Pink Floyd;Relics;VG/VG-NM;LP 1503;220
Kate Bush;The Kick inside;VG/NM;LP 1504;150
Madness;Keep Moving;VG-NM/NM;LP 1505;90
Madness;The rise & Fall;VG/NM;LP 1506;150
Kate Bush;Lionheart;VG/VG-NM;LP 1507;150
Queen;Sheer Heart Attack;VG/VG-NM;LP 1508;690
Rolling Stones ;Aftermath;G-VG/VG;LP 1509;900
Elvis Presley;Rock and Roll;NY/OBRUTEN;LP 1510;150
Curtis Knight & The Squires;You cant use my name;NY/OBRUTEN;LP 1511;250
Saxon;Denim and Leather;VG/VG;LP 1512;90
U2;The Joshua Tree;VG/VG;LP 1513;150
Suzi Quattro;If you knew Suzi;VG/VG-NM;LP 1514;90
King Crimson;Starless and Bible Black;VG/VG;LP 1515;350
Flesh for Lulu;Long live the new flesh;NM/NM;LP 1516;150
Jon Anderson;Oilas of SunHillow;VG/NM;LP 1517;150
Meat Loaf;Blind before I stop;VG/NM;LP 1518;150
Nina Hagen Band;Nina Hagen Band;NM/NM;LP 1519;180
Bryan Adams;Run to You;VG/NM   “Maxi single 12”;LP 1520;150
Michael Jackson;BAD (PEPSI TOUR 1988);VG/VG-NM;LP 1521;180
Donovan;Donovan;VG/VG;LP 1522;90
Anne Linnet;Min Sang;VG/VG-NM;LP 1523;120
Tina Turner;Foreign affair;VG/VG;LP 1524;50
Earth Wind and Fire;The Collection;VG/NM;LP 1525;150
Kim Larsen ;Vaersgo;VG/NM;LP 1526;150
Communards;Communards;VG/VG;LP 1527;80
Boston;Boston;VG/VG-NM;LP 1528;120
Journey;Evolution;VG/VG-NM;LP 1529;120
Erasure;Circus;VG/VG;LP 1530;90
Night;Long Distance;VG/VG-NM;LP 1531;50
Eagles;Live at the Beacon Theatre 1974;NY/OBRUTEN;LP 1532;180
Phil Collins;Hello I must be going;VG/VG-NM;LP 1533;90
Meat Loaf;Dead Ringer;VG-NM/NM;LP 1534;120
Creedens Clearwater Revival;Green River;VG-NM/VG-NM;LP 1535;250
Wishbone Ash;Classic Ash;VG/G-VG;LP 1536;50
Neil Young;American Stars n Bars;NM/NM;LP 1537;220
Tin Machine;Tin Machine II;NY/OBRUTEN;LP 1538;320
David Bowie;Bowie Heroes in concert;NY/ OBRUTEN;LP 1539;320
Guns n´Roses;Use Your illusion I;NY/ OBRUTEN;LP 1540;390
Red Hot Chili Peppers;Californication;NY/ OBRUTEN;LP 1541;390
Rob Halford with Family and friends;Celestial;NM-MINT/NM-MINT;LP 1542;280
Ray Charles;The Great Ray Charles;NM/NM;LP 1543;120
Europe;Out of this world;VG-NM/VG-NM;LP 1544;120
Otis Redding;The dock of the bay;VG-NM/VG-NM;LP 1545;120
Hunter & Ronson;Y U I  Orta;NM/NM;LP 1546;120
Aerosmith;Rock in a hard place;VG-NM/VG-NM;LP 1547;120
Dio;Holy Diver;VG-NM/VG-NM;LP 1548;280
Jimi Hendrix;Are you experienced;VG-NM/VG-NM;LP 1549;250
Moody Blues;Question of Balance;VG-NM/VG-NM;LP 1550;120
Cat Stevens;Greatest Hits;VG-NM/VG-NM;LP 1551;120
Tears for fears;Everybody wants to rule the world;VG-NM/VG (EP  45rpm);LP 1552;50
Susanna Hoffs;When you´re a boy;NM/NM;LP 1553;90
Greatful Dead;Aoxomoxoa;NY/OBRUTEN;LP 1554;280
Motörhead;Bomber;NY/OBRUTEN;LP 1555;320
Y & T  live;Open fire;NM/MINT;LP 1556;150
Steeleye span;All arounf my hat;VG/VG-NM;LP 1557;50
Kreator;Violent revolution;Mint/Mint;LP 1558;450
Savage Rose;Dödens triumph;G/VG;LP 1559;120
Sally Oldfield;Playing the flame;VG/VG;LP 1560;80
Sally Oldfield;Water Bearer;VG/VG;LP 1561;80
Elton John;Don’t shoot me;VG/VG;LP 1562;90
George Michael;Faith;VG-NM/VG-NM;LP 1563;120
Bruce Springsteen;Born in the USA;VG-NM/VG-NM;LP 1564;120
Rolling Stones;Sucking in the Seventies;VG/VG;LLP1565;90
Joan Baez;Tournee Europeenne;NM/VG-NM;LLP1566;90
Rolling Stones;Goat Head Soup;NM/VG-NM;LLP1567;120
Rolling Stones;Under Cover;NM/G-VG;LLP1568;90
Doors;Morrison Hotel ;NM/VG-NM;LLP1569;180
Doors;Waiting for the sun;NM/VG-NM;LLP1570;180
Doors;The best of the Doors;NM/VG-NM;LLP1571;790
George Harrison;Cloud nine;NM/VG;LLP1572;150
Bob Dylan / The Band;Before the flood;NM/VG;LLP1573;180
Bob Dylan;New Morning;NM/NM;LLP1574;150
Bob Dylan;Johan Wesley Harding;VG/VG-NM;LLP1575;120
Bob Dylan;Dylan;NM/NM;LLP1576;150
Bob Dylan;Infidels;NM/NM;LLP1577;120
Bob Dylan;Shot of Love;G-VG/VG-NM;LLP1578;90
Bob Dylan;Slow train coming;NM/NM;LLP1579;120
Bob Dylan;Greatest Hits;NM/NM;LLP1580;120
Bob Dylan;Street legal;VG-NM/NM;LLP1581;120
Bob Dylan;Empire Burlesque;NM/NM;LLP1582;90
Bob Dylan;Under the red sky;NM/NM;LLP1583;180
Beatles ;Beatles´65;VG-NM/NM;LLP1584;210
Beatles;Please please me;NM/NM;LLP1585;250
Pink Floyd;The final cut;VG/VG-NM;LP 1586;280
Pink Floyd;The Wall;VG/VG-NM;LP 1587;390
Pink Floyd ;Relics;VG-NM/NM;LP 1588;180
Pink Floyd;Obscured by clouds;NM/NM;LP 1589;980
Pink Floyd;Animals;NM/NM;LP 1590;490
Pink Floyd;The dark side of the moon;NM/NM;LP 1591;980
Pink Floyd;Wish you were here;NM/NM;LP 1592;490
Pink Floyd;The Wall;NM/NM;LP 1593;690
Pink Floyd;Wish you were here;VG/VG-NM;LP 1594;280
Elvis Presley;60 golden hits;VG/VG-NM;LLP1595;180
Elvis;Romantic hits;VG/VG;LLP1596;50
Beatles ;Yellow Submarine;VG-NM/VG-NM;LLP1597;350
Elton John;Elton John;VG/VG-NM;LP 1598;150
Cat Stevens;Tea for the Tillerman;VG-NM/VG-NM;LP 1599;180
Animals;Animalisms;VG/VG;LP 1600;900
Band;The Band;G-VG/G-VG;LP 1601;180
Bob Marley & the Wailers;Exodus;VG/VG;LP 1602;180
Steve Miller Band;Fly like an eagle;VG/VG;LP 1603;90
Jimi Hendrix ;Isle of Wight;VG/G-VG;LP 1604;150
Doors;Waiting for the sun;G- /G-VG;LP 1605;120
Weather Report;Weather Report;VG/VG;LP 1606;180
Beatles;Abbey Road;VG/VG;LP 1607;220
Led Zeppelin;Led Zeppelin;Mint/Mint;LP 1608;320
Led Zeppelin;Houses of the holy;Ny/Ospelad;LP 1609;490
Led Zeppelin;Physical Grafitti;Ny/Ospelad;LP 1610;990
Led Zeppelin;Presence;Ny/Ospelad;LP 1611;390
Led Zeppelin ;In through the out door;Ny/Ospelad;LP 1612;390
Led Zeppelin;Coda;Ny/Ospelad;LP 1613;390
Deep Purple;In Rock;Mint/MInt;LP 1614;350
Deep Purple;Fireball;Ny/Ospelad;LP 1615;390
Deep Purple;Machine Head;Mint/Mint;LP 1616;350
Deep Purple;Who do we think we are;Ny/Ospelad;LP 1617;390
John Fogerty;Centerfield;NM/VG-NM;LP 1618;120
Beatles ;Revolver;VG/G-VG;LP 1619;350
Barbra Streisand;Guilty;VG/VG-NM;LP 1620;90
Bee Gees m.fl;Saturday night fever;VG/NM;LP 1622;120
Beatles Abbey Road;Abbey Road;VG/VG;LP 1623;180
Barry White;Barry Whites Greatest Hits;VG/VG;LP 1624;50
David Bowie;Changes TWO;VG/VG-NM;LP 1625;150
WHO;Who´s next;VG/VG;LP 1626;150
Genesis;Duke;VG/G-VG;LP 1627;80
Emerson, Lake and Palmer;Brain Salad Surgery;VG-NM/VG-NM;LP 1628;150
Fleetwood Mac;Rumors;VG/VG-NM;LP 1629;250
Ten Years After;Positive Vibrations;VG/VG-NM;LP 1630;150
Wishbone Ash;Pilgrimage;VG-NM/NM;LP 1631;350
Steve Miller Band;Brave New World;G-VG/VG-NM;LP 1632;120
Bruce Springsteen;Born to run;VG/VG-NM;LP 1633;180
Bruce Springsteen;Tunnel of Love;VG-NM/NM;LP 1634;180
Elvis Presley;Greatest Hits 7 LP Box;VG/NM-MINT;LP 1635;380
David Bowie;Low;VG-NM/NM;LP 1636;280
Depeche Mode;Some Great REWARD;VG/VG-NM;LP 1637;280
Tangerine Dream;Optical Race;VG/VG;LP 1638;120
Tangerine Dream;Rubycon;VG/-VG-NM;LP 1639;180
Tangerine Dream;Sorcerer (Soundtrack);VG/VG-NM;LP 1640;180
Kitaro;Silk Road (Soundtrack);VG/VG-NM;LP 1641;80
Roger Eno;Voices;VG/VG;LP 1642;120
Rubettes;We can do it;G-VG/VG;LP 1643;150
Iggy and The Stooges;Raw Power;VG-NM/NM;LP 1644;490
The Stooges;Rubber legs;VG-G;LP 1645;180
Richard Thompson;Daring Adventures;VG-NM/VG-NM;LP 1646;80
Culture Club;Colour by numbers;VG/VG;LP 1647;80
Culture Club;From Luxury to Heartache;VG-NM/VG-NM;LP 1648;80
Gasolin;Gör det noget;VG-NM/VG-NM;LP 1649;180
Gasolin;Live i Skandinavien;VG/VG-NM;LP 1650;150
Gasolin;Sådan (Live);VG/VG-NM;LP 1651;210
Ghostbusters;Original Soundtrack;VG/VG;LP 1652;120
Live and let die;Original Soundtrack;VG/VG;LP 1653;80
Elvis Presley;Forever;VG/VG-NM;LP 1654;80
New Birth;Blind baby;VG/VG-NM;LP 1655;50
Jimi Hendrix;Faces & Places;VG/VG-NM;LP 1656;220
Simon and Garfunkel;The concert in central park;G/VG-NM;LP 1657;220
Sailor;The Third step;G-VG/VG-NM;LP 1658;80
Sailor;Hideaway;G-VG/VG-NM;LP 1659;80
Sailor ;Trouble;G-VG/VG-NM;LP 1660;80
Sailor;Sailor;G-VG/VG-NM;LP 1661;120
Sailor;Checkpoint;G/VG-NM;LP 1662;80
Pretenders;Pretenders;VG/VG-NM;LP 1663;120
Bow Wow Wow;When the going gets tough …;VG-NM/VG-NM;LP 1664;80
Electric Light Orchestra;On the third day ;VG-NM/VG-NM;LP 1665;150
Electric Light Orchestra;Face the music;VG-NM/VG-NM;LP 1666;150
Michael Jackson;Bad;Ny/Oöppnad  (2009);LP 1667;1500
Velvet Underground And Nico;Velvet Underground And Nico;G/VG-NM (1072);LP 1668;1200
Tourists;Reality Effect;VG/VG;LP 1669;80
Fleetwood Mac & Christine Perfect;Albatross;VG-NM/NM;LP 1670;120
Nena;Nena;VG/VG-NM;LP 1671;80
Hurriganes;10/80;VG/VG;LP 1672;150
Kim Wilde;Kim Wilde;VG/VG;LP 1673;80
Bruce Springsteen;The wild, the innocent & the E street shuffle;G-VG/VG-NM;LP 1674;120
Ray Charles;The world of Ray Charles;G-VG/VG;LP 1675;80
